syz_24,zkk,,syz_36,zkk,,syz_60,zkk
0,-0.1,,0,-0.1,,0,-0.1
0.000349225,-0.098571429,,0.000343993,-0.098571429,,0.000338762,-0.098571429
0.00069494,-0.097142857,,0.00068453,-0.097142857,,0.000674119,-0.097142857
0.001037146,-0.095714286,,0.001021609,-0.095714286,,0.001006072,-0.095714286
0.001375842,-0.094285714,,0.001355231,-0.094285714,,0.00133462,-0.094285714
0.001711028,-0.092857143,,0.001685395,-0.092857143,,0.001659763,-0.092857143
0.002042704,-0.091428572,,0.002012103,-0.091428572,,0.001981502,-0.091428572
0.00237087,-0.09,,0.002335353,-0.09,,0.002299836,-0.09
0.002695527,-0.088571429,,0.002655146,-0.088571429,,0.002614765,-0.088571429
0.003016673,-0.087142857,,0.002971482,-0.087142857,,0.00292629,-0.087142857
0.00333431,-0.085714286,,0.00328436,-0.085714286,,0.00323441,-0.085714286
0.00333431,-0.085714286,,0.00328436,-0.085714286,,0.00323441,-0.085714286
0.003648437,-0.084285714,,0.003593781,-0.084285714,,0.003539125,-0.084285714
0.003959055,-0.082857143,,0.003899745,-0.082857143,,0.003840436,-0.082857143
0.004266162,-0.081428572,,0.004202252,-0.081428572,,0.004138342,-0.081428572
0.00456976,-0.08,,0.004501302,-0.08,,0.004432844,-0.08
0.004869848,-0.078571429,,0.004796894,-0.078571429,,0.004723941,-0.078571429
0.005166426,-0.077142857,,0.005089029,-0.077142857,,0.005011633,-0.077142857
0.005459494,-0.075714286,,0.005377707,-0.075714286,,0.00529592,-0.075714286
0.005749053,-0.074285714,,0.005662928,-0.074285714,,0.005576803,-0.074285714
0.006035102,-0.072857143,,0.005944692,-0.072857143,,0.005854282,-0.072857143
0.00631764,-0.071428572,,0.006222998,-0.071428572,,0.006128355,-0.071428572
0.00631764,-0.071428572,,0.006222998,-0.071428572,,0.006128355,-0.071428572
0.006447817,-0.057142857,,0.006351224,-0.057142857,,0.006254631,-0.057142857
0.006549065,-0.042857143,,0.006450956,-0.042857143,,0.006352846,-0.042857143
0.006621385,-0.028571429,,0.006522192,-0.028571429,,0.006423,-0.028571429
0.006664777,-0.014285714,,0.006564935,-0.014285714,,0.006465092,-0.014285714
0.006679241,0,,0.006579182,0,,0.006479122,0
0.006664777,0.014285714,,0.006564935,0.014285714,,0.006465092,0.014285714
0.006621385,0.028571429,,0.006522192,0.028571429,,0.006423,0.028571429
0.006549065,0.042857143,,0.006450956,0.042857143,,0.006352846,0.042857143
0.006447817,0.057142857,,0.006351224,0.057142857,,0.006254631,0.057142857
0.00631764,0.071428572,,0.006222998,0.071428572,,0.006128355,0.071428572
0.00631764,0.071428572,,0.006222998,0.071428572,,0.006128355,0.071428572
0.006035102,0.072857143,,0.005944692,0.072857143,,0.005854282,0.072857143
0.005749053,0.074285714,,0.005662928,0.074285714,,0.005576803,0.074285714
0.005459494,0.075714286,,0.005377707,0.075714286,,0.00529592,0.075714286
0.005166426,0.077142857,,0.005089029,0.077142857,,0.005011633,0.077142857
0.004869848,0.078571429,,0.004796894,0.078571429,,0.004723941,0.078571429
0.00456976,0.08,,0.004501302,0.08,,0.004432844,0.08
0.004266162,0.081428572,,0.004202252,0.081428572,,0.004138342,0.081428572
0.003959055,0.082857143,,0.003899745,0.082857143,,0.003840436,0.082857143
0.003648437,0.084285714,,0.003593781,0.084285714,,0.003539125,0.084285714
0.00333431,0.085714286,,0.00328436,0.085714286,,0.00323441,0.085714286
0.00333431,0.085714286,,0.00328436,0.085714286,,0.00323441,0.085714286
0.003016673,0.087142857,,0.002971482,0.087142857,,0.00292629,0.087142857
0.002695527,0.088571429,,0.002655146,0.088571429,,0.002614765,0.088571429
0.00237087,0.09,,0.002335353,0.09,,0.002299836,0.09
0.002042704,0.091428572,,0.002012103,0.091428572,,0.001981502,0.091428572
0.001711028,0.092857143,,0.001685395,0.092857143,,0.001659763,0.092857143
0.001375842,0.094285714,,0.001355231,0.094285714,,0.00133462,0.094285714
0.001037146,0.095714286,,0.001021609,0.095714286,,0.001006072,0.095714286
0.00069494,0.097142857,,0.00068453,0.097142857,,0.000674119,0.097142857
0.000349225,0.098571429,,0.000343993,0.098571429,,0.000338762,0.098571429
0,0.1,,0,0.1,,0,0.1
