sxz_24,zkk,,sxz_36,zkk,,sxz_60,zkk
0,-0.1,,0,-0.1,,0,-0.1
-0.000270508,-0.098571429,,-0.000289862,-0.098571429,,-0.000299151,-0.098571429
-0.000538296,-0.097142857,,-0.000576812,-0.097142857,,-0.000595296,-0.097142857
-0.000803367,-0.095714286,,-0.000860848,-0.095714286,,-0.000888434,-0.095714286
-0.001065719,-0.094285714,,-0.001141972,-0.094285714,,-0.001178565,-0.094285714
-0.001325353,-0.092857143,,-0.001420181,-0.092857143,,-0.00146569,-0.092857143
-0.001582266,-0.091428572,,-0.001695478,-0.091428572,,-0.001749808,-0.091428572
-0.001836462,-0.09,,-0.001967861,-0.09,,-0.00203092,-0.09
-0.002087939,-0.088571429,,-0.002237332,-0.088571429,,-0.002309025,-0.088571429
-0.002336697,-0.087142857,,-0.002503889,-0.087142857,,-0.002584124,-0.087142857
-0.002582736,-0.085714286,,-0.002767532,-0.085714286,,-0.002856216,-0.085714286
-0.002582736,-0.085714286,,-0.002767532,-0.085714286,,-0.002856216,-0.085714286
-0.002826059,-0.084285714,,-0.003028263,-0.084285714,,-0.003125302,-0.084285714
-0.003066661,-0.082857143,,-0.003286081,-0.082857143,,-0.003391381,-0.082857143
-0.003304544,-0.081428572,,-0.003540985,-0.081428572,,-0.003654454,-0.081428572
-0.003539709,-0.08,,-0.003792977,-0.08,,-0.00391452,-0.08
-0.003772156,-0.078571429,,-0.004042054,-0.078571429,,-0.004171579,-0.078571429
-0.004001883,-0.077142857,,-0.004288219,-0.077142857,,-0.004425632,-0.077142857
-0.004228893,-0.075714286,,-0.004531472,-0.075714286,,-0.004676679,-0.075714286
-0.004453182,-0.074285714,,-0.00477181,-0.074285714,,-0.004924718,-0.074285714
-0.004674754,-0.072857143,,-0.005009235,-0.072857143,,-0.005169752,-0.072857143
-0.004893607,-0.071428572,,-0.005243746,-0.071428572,,-0.005411778,-0.071428572
-0.004893607,-0.071428572,,-0.005243746,-0.071428572,,-0.005411778,-0.071428572
-0.004942583,-0.057142857,,-0.005296227,-0.057142857,,-0.00546594,-0.057142857
-0.004980674,-0.042857143,,-0.005337045,-0.042857143,,-0.005508066,-0.042857143
-0.005007883,-0.028571429,,-0.0053662,-0.028571429,,-0.005538156,-0.028571429
-0.005024209,-0.014285714,,-0.005383693,-0.014285714,,-0.00555621,-0.014285714
-0.00502965,0,,-0.005389525,0,,-0.005562228,0
-0.005024209,0.014285714,,-0.005383693,0.014285714,,-0.00555621,0.014285714
-0.005007883,0.028571429,,-0.0053662,0.028571429,,-0.005538156,0.028571429
-0.004980674,0.042857143,,-0.005337045,0.042857143,,-0.005508066,0.042857143
-0.004942583,0.057142857,,-0.005296227,0.057142857,,-0.00546594,0.057142857
-0.004893607,0.071428572,,-0.005243746,0.071428572,,-0.005411778,0.071428572
-0.004893607,0.071428572,,-0.005243746,0.071428572,,-0.005411778,0.071428572
-0.004674754,0.072857143,,-0.005009235,0.072857143,,-0.005169752,0.072857143
-0.004453182,0.074285714,,-0.00477181,0.074285714,,-0.004924718,0.074285714
-0.004228893,0.075714286,,-0.004531472,0.075714286,,-0.004676679,0.075714286
-0.004001883,0.077142857,,-0.004288219,0.077142857,,-0.004425632,0.077142857
-0.003772156,0.078571429,,-0.004042054,0.078571429,,-0.004171579,0.078571429
-0.003539709,0.08,,-0.003792977,0.08,,-0.00391452,0.08
-0.003304544,0.081428572,,-0.003540985,0.081428572,,-0.003654454,0.081428572
-0.003066661,0.082857143,,-0.003286081,0.082857143,,-0.003391381,0.082857143
-0.002826059,0.084285714,,-0.003028263,0.084285714,,-0.003125302,0.084285714
-0.002582736,0.085714286,,-0.002767532,0.085714286,,-0.002856216,0.085714286
-0.002582736,0.085714286,,-0.002767532,0.085714286,,-0.002856216,0.085714286
-0.002336697,0.087142857,,-0.002503889,0.087142857,,-0.002584124,0.087142857
-0.002087939,0.088571429,,-0.002237332,0.088571429,,-0.002309025,0.088571429
-0.001836462,0.09,,-0.001967861,0.09,,-0.00203092,0.09
-0.001582266,0.091428572,,-0.001695478,0.091428572,,-0.001749808,0.091428572
-0.001325353,0.092857143,,-0.001420181,0.092857143,,-0.00146569,0.092857143
-0.001065719,0.094285714,,-0.001141972,0.094285714,,-0.001178565,0.094285714
-0.000803367,0.095714286,,-0.000860848,0.095714286,,-0.000888434,0.095714286
-0.000538296,0.097142857,,-0.000576812,0.097142857,,-0.000595296,0.097142857
-0.000270508,0.098571429,,-0.000289862,0.098571429,,-0.000299151,0.098571429
0,0.1,,0,0.1,,0,0.1