sy_24,zkk,,sy_36,zkk,,sy_60,zkk
0.000540256,-0.1,,0.000786677,-0.1,,0.004236601,-0.1
0.000554285,-0.098571429,,0.00077635,-0.098571429,,0.004189556,-0.098571429
0.000568291,-0.097142857,,0.000766025,-0.097142857,,0.004142514,-0.097142857
0.000582275,-0.095714286,,0.000755701,-0.095714286,,0.004095475,-0.095714286
0.000596236,-0.094285714,,0.000745378,-0.094285714,,0.00404844,-0.094285714
0.000610175,-0.092857143,,0.000735057,-0.092857143,,0.004001407,-0.092857143
0.000624093,-0.091428572,,0.000724737,-0.091428572,,0.003954378,-0.091428572
0.000637989,-0.09,,0.000714419,-0.09,,0.003907352,-0.09
0.000651864,-0.088571429,,0.000704102,-0.088571429,,0.003860329,-0.088571429
0.000665718,-0.087142857,,0.000693786,-0.087142857,,0.003813309,-0.087142857
0.00067955,-0.085714286,,0.000683472,-0.085714286,,0.003766292,-0.085714286
0.010936737,-0.085714286,,0.006215743,-0.085714286,,0.012587962,-0.085714286
0.010916422,-0.084285714,,0.006184257,-0.084285714,,0.012502469,-0.084285714
0.010895942,-0.082857143,,0.006152701,-0.082857143,,0.012416873,-0.082857143
0.010875301,-0.081428572,,0.006121075,-0.081428572,,0.012331175,-0.081428572
0.0108545,-0.08,,0.006089379,-0.08,,0.012245375,-0.08
0.010833541,-0.078571429,,0.006057616,-0.078571429,,0.012159475,-0.078571429
0.010812426,-0.077142857,,0.006025784,-0.077142857,,0.012073476,-0.077142857
0.010791156,-0.075714286,,0.005993886,-0.075714286,,0.01198738,-0.075714286
0.010769734,-0.074285714,,0.005961923,-0.074285714,,0.011901186,-0.074285714
0.010748162,-0.072857143,,0.005929893,-0.072857143,,0.011814898,-0.072857143
0.01072644,-0.071428572,,0.0058978,-0.071428572,,0.011728514,-0.071428572
2.17074E-05,-0.071428572,,1.17667E-05,-0.071428572,,2.06452E-05,-0.071428572
1.73837E-05,-0.057142857,,9.42373E-06,-0.057142857,,1.65287E-05,-0.057142857
1.30009E-05,-0.042857143,,7.05281E-06,-0.042857143,,1.2371E-05,-0.042857143
8.57387E-06,-0.028571429,,4.66093E-06,-0.028571429,,8.1824E-06,-0.028571429
4.11728E-06,-0.014285714,,2.25508E-06,-0.014285714,,3.97323E-06,-0.014285714
-3.54077E-07,0,,-1.57754E-07,0,,-2.46233E-07,0
-4.82543E-06,0.014285714,,-2.57059E-06,0.014285714,,-4.4657E-06,0.014285714
-9.28202E-06,0.028571429,,-4.97644E-06,0.028571429,,-8.67487E-06,0.028571429
-1.37091E-05,0.042857143,,-7.36832E-06,0.042857143,,-1.28635E-05,0.042857143
-1.80919E-05,0.057142857,,-9.73924E-06,0.057142857,,-1.70212E-05,0.057142857
-2.24156E-05,0.071428572,,-1.20822E-05,0.071428572,,-2.11377E-05,0.071428572
-0.011075253,0.071428572,,-0.006056848,0.071428572,,-0.011976567,0.071428572
-0.011096975,0.072857143,,-0.006088941,0.072857143,,-0.01206295,0.072857143
-0.011118547,0.074285714,,-0.006120971,0.074285714,,-0.012149239,0.074285714
-0.011139969,0.075714286,,-0.006152935,0.075714286,,-0.012235432,0.075714286
-0.011161239,0.077142857,,-0.006184833,0.077142857,,-0.012321529,0.077142857
-0.011182354,0.078571429,,-0.006216664,0.078571429,,-0.012407528,0.078571429
-0.011203313,0.08,,-0.006248428,0.08,,-0.012493427,0.08
-0.011224114,0.081428572,,-0.006280123,0.081428572,,-0.012579227,0.081428572
-0.011244755,0.082857143,,-0.006311749,0.082857143,,-0.012664926,0.082857143
-0.011265234,0.084285714,,-0.006343305,0.084285714,,-0.012750522,0.084285714
-0.01128555,0.085714286,,-0.006374791,0.085714286,,-0.012836014,0.085714286
-0.000704361,0.085714286,,-0.000700531,0.085714286,,-0.003792588,0.085714286
-0.000690528,0.087142857,,-0.000710845,0.087142857,,-0.003839605,0.087142857
-0.000676674,0.088571429,,-0.000721161,0.088571429,,-0.003886625,0.088571429
-0.0006628,0.09,,-0.000731478,0.09,,-0.003933648,0.09
-0.000648903,0.091428572,,-0.000741796,0.091428572,,-0.003980674,0.091428572
-0.000634986,0.092857143,,-0.000752116,0.092857143,,-0.004027703,0.092857143
-0.000621046,0.094285714,,-0.000762437,0.094285714,,-0.004074736,0.094285714
-0.000607085,0.095714286,,-0.00077276,0.095714286,,-0.004121771,0.095714286
-0.000593102,0.097142857,,-0.000783084,0.097142857,,-0.00416881,0.097142857
-0.000579095,0.098571429,,-0.000793409,0.098571429,,-0.004215852,0.098571429
-0.000565067,0.1,,-0.000803736,0.1,,-0.004262897,0.1
