sx_24,zkk,,sx_36,zkk,,sx_60,zkk
0.352893861,-0.1,,0.38982681,-0.1,,0.422442123,-0.1
0.348828799,-0.098571429,,0.385131745,-0.098571429,,0.417186272,-0.098571429
0.344764292,-0.097142857,,0.380437504,-0.097142857,,0.411931488,-0.097142857
0.340700335,-0.095714286,,0.375744078,-0.095714286,,0.406677759,-0.095714286
0.33663692,-0.094285714,,0.37105146,-0.094285714,,0.401425076,-0.094285714
0.332574045,-0.092857143,,0.366359642,-0.092857143,,0.396173427,-0.092857143
0.328511705,-0.091428572,,0.361668616,-0.091428572,,0.390922802,-0.091428572
0.324449887,-0.09,,0.356978371,-0.09,,0.38567319,-0.09
0.320388596,-0.088571429,,0.352288902,-0.088571429,,0.380424579,-0.088571429
0.316327818,-0.087142857,,0.347600198,-0.087142857,,0.37517696,-0.087142857
0.31226755,-0.085714286,,0.342912252,-0.085714286,,0.369930321,-0.085714286
0.007837082,-0.085714286,,0.008619905,-0.085714286,,0.009310402,-0.085714286
0.007735455,-0.084285714,,0.008502529,-0.084285714,,0.009179008,-0.084285714
0.007633841,-0.082857143,,0.008385172,-0.082857143,,0.009047637,-0.082857143
0.007532239,-0.081428572,,0.008267832,-0.081428572,,0.008916289,-0.081428572
0.007430648,-0.08,,0.00815051,-0.08,,0.008784963,-0.08
0.007329069,-0.078571429,,0.008033205,-0.078571429,,0.00865366,-0.078571429
0.007227502,-0.077142857,,0.007915916,-0.077142857,,0.008522379,-0.077142857
0.007125945,-0.075714286,,0.007798645,-0.075714286,,0.00839112,-0.075714286
0.007024401,-0.074285714,,0.007681392,-0.074285714,,0.008259883,-0.074285714
0.006922868,-0.072857143,,0.007564154,-0.072857143,,0.008128667,-0.072857143
0.006821344,-0.071428572,,0.007446932,-0.071428572,,0.007997472,-0.071428572
0.000567661,-0.071428572,,0.000618584,-0.071428572,,0.000663371,-0.071428572
0.00045346,-0.057142857,,0.000493842,-0.057142857,,0.00052935,-0.057142857
0.000339453,-0.042857143,,0.000369386,-0.042857143,,0.000395698,-0.042857143
0.000225588,-0.028571429,,0.000245142,-0.028571429,,0.000262323,-0.028571429
0.00011182,-0.014285714,,0.000121042,-0.014285714,,0.000129132,-0.014285714
-1.89946E-06,0,,-2.99E-06,0,,-3.97E-06,0
-0.00011562,0.014285714,,-0.000127016,0.014285714,,-0.000137065,0.014285714
-0.000229387,0.028571429,,-0.000251116,0.028571429,,-0.000270255,0.028571429
-0.000343251,0.042857143,,-0.000375359,0.042857143,,-0.000403631,0.042857143
-0.00045726,0.057142857,,-0.000499816,0.057142857,,-0.000537282,0.057142857
-0.000571462,0.071428572,,-0.000624559,0.071428572,,-0.000671303,0.071428572
-0.006867574,0.071428572,,-0.007519616,0.071428572,,-0.008093986,0.071428572
-0.006969095,0.072857143,,-0.007636837,0.072857143,,-0.008225181,0.072857143
-0.007070629,0.074285714,,-0.007754075,0.074285714,,-0.008356397,0.074285714
-0.007172175,0.075714286,,-0.007871329,0.075714286,,-0.008487634,0.075714286
-0.007273729,0.077142857,,-0.0079886,0.077142857,,-0.008618893,0.077142857
-0.007375297,0.078571429,,-0.008105888,0.078571429,,-0.008750174,0.078571429
-0.007476876,0.08,,-0.008223193,0.08,,-0.008881477,0.08
-0.007578467,0.081428572,,-0.008340515,0.081428572,,-0.009012803,0.081428572
-0.007680069,0.082857143,,-0.008457855,0.082857143,,-0.009144151,0.082857143
-0.007781685,0.084285714,,-0.008575214,0.084285714,,-0.009275522,0.084285714
-0.007883312,0.085714286,,-0.008692589,0.085714286,,-0.009406916,0.085714286
-0.314086133,0.085714286,,-0.345771849,0.085714286,,-0.373727665,0.085714286
-0.318146399,0.087142857,,-0.350459795,0.087142857,,-0.378974304,0.087142857
-0.322207176,0.088571429,,-0.355148498,0.088571429,,-0.384221923,0.088571429
-0.32626847,0.09,,-0.359837968,0.09,,-0.389470534,0.09
-0.330330285,0.091428572,,-0.364528212,0.091428572,,-0.394720146,0.091428572
-0.334392627,0.092857143,,-0.36921924,0.092857143,,-0.399970772,0.092857143
-0.338455503,0.094285714,,-0.373911057,0.094285714,,-0.40522242,0.094285714
-0.342518916,0.095714286,,-0.378603675,0.095714286,,-0.410475104,0.095714286
-0.346582875,0.097142857,,-0.383297101,0.097142857,,-0.415728832,0.097142857
-0.350647382,0.098571429,,-0.387991342,0.098571429,,-0.420983616,0.098571429
-0.354712444,0.1,,-0.392686408,0.1,,-0.426239467,0.1
