syz_16,zkk,,syz_24,zkk,,syz_36,zkk,,syz_60,zkk
0,-0.1,,0,-0.1,,0,-0.1,,0,-0.1
0.000853374,-0.098571429,,0.000349225,-0.098571429,,0.000148965,-0.098571429,,0.000338762,-0.098571429
0.001698172,-0.097142857,,0.00069494,-0.097142857,,0.000296433,-0.097142857,,0.000674119,-0.097142857
0.002534394,-0.095714286,,0.001037146,-0.095714286,,0.000442404,-0.095714286,,0.001006072,-0.095714286
0.003362038,-0.094285714,,0.001375842,-0.094285714,,0.000586878,-0.094285714,,0.00133462,-0.094285714
0.004181106,-0.092857143,,0.001711028,-0.092857143,,0.000729855,-0.092857143,,0.001659763,-0.092857143
0.004991598,-0.091428572,,0.002042704,-0.091428572,,0.000871334,-0.091428572,,0.001981502,-0.091428572
0.005793512,-0.09,,0.00237087,-0.09,,0.001011316,-0.09,,0.002299836,-0.09
0.00658685,-0.088571429,,0.002695527,-0.088571429,,0.001149802,-0.088571429,,0.002614765,-0.088571429
0.007371612,-0.087142857,,0.003016673,-0.087142857,,0.00128679,-0.087142857,,0.00292629,-0.087142857
0.008147797,-0.085714286,,0.00333431,-0.085714286,,0.001422281,-0.085714286,,0.00323441,-0.085714286
0.008147797,-0.085714286,,0.00333431,-0.085714286,,0.001422281,-0.085714286,,0.00323441,-0.085714286
0.008915405,-0.084285714,,0.003648437,-0.084285714,,0.001556275,-0.084285714,,0.003539125,-0.084285714
0.009674436,-0.082857143,,0.003959055,-0.082857143,,0.001688771,-0.082857143,,0.003840436,-0.082857143
0.010424891,-0.081428572,,0.004266162,-0.081428572,,0.001819771,-0.081428572,,0.004138342,-0.081428572
0.01116677,-0.08,,0.00456976,-0.08,,0.001949273,-0.08,,0.004432844,-0.08
0.011900071,-0.078571429,,0.004869848,-0.078571429,,0.002077278,-0.078571429,,0.004723941,-0.078571429
0.012624796,-0.077142857,,0.005166426,-0.077142857,,0.002203787,-0.077142857,,0.005011633,-0.077142857
0.013340945,-0.075714286,,0.005459494,-0.075714286,,0.002328798,-0.075714286,,0.00529592,-0.075714286
0.014048517,-0.074285714,,0.005749053,-0.074285714,,0.002452311,-0.074285714,,0.005576803,-0.074285714
0.014747512,-0.072857143,,0.006035102,-0.072857143,,0.002574328,-0.072857143,,0.005854282,-0.072857143
0.01543793,-0.071428572,,0.00631764,-0.071428572,,0.002694848,-0.071428572,,0.006128355,-0.071428572
0.01543793,-0.071428572,,0.00631764,-0.071428572,,0.002694848,-0.071428572,,0.006128355,-0.071428572
0.015756032,-0.057142857,,0.006447817,-0.057142857,,0.002750376,-0.057142857,,0.006254631,-0.057142857
0.016003445,-0.042857143,,0.006549065,-0.042857143,,0.002793564,-0.042857143,,0.006352846,-0.042857143
0.016180168,-0.028571429,,0.006621385,-0.028571429,,0.002824413,-0.028571429,,0.006423,-0.028571429
0.016286202,-0.014285714,,0.006664777,-0.014285714,,0.002842922,-0.014285714,,0.006465092,-0.014285714
0.016321547,0,,0.006679241,0,,0.002849092,0,,0.006479122,0
0.016286202,0.014285714,,0.006664777,0.014285714,,0.002842922,0.014285714,,0.006465092,0.014285714
0.016180168,0.028571429,,0.006621385,0.028571429,,0.002824413,0.028571429,,0.006423,0.028571429
0.016003445,0.042857143,,0.006549065,0.042857143,,0.002793564,0.042857143,,0.006352846,0.042857143
0.015756032,0.057142857,,0.006447817,0.057142857,,0.002750376,0.057142857,,0.006254631,0.057142857
0.01543793,0.071428572,,0.00631764,0.071428572,,0.002694848,0.071428572,,0.006128355,0.071428572
0.01543793,0.071428572,,0.00631764,0.071428572,,0.002694848,0.071428572,,0.006128355,0.071428572
0.014747512,0.072857143,,0.006035102,0.072857143,,0.002574328,0.072857143,,0.005854282,0.072857143
0.014048517,0.074285714,,0.005749053,0.074285714,,0.002452311,0.074285714,,0.005576803,0.074285714
0.013340945,0.075714286,,0.005459494,0.075714286,,0.002328798,0.075714286,,0.00529592,0.075714286
0.012624796,0.077142857,,0.005166426,0.077142857,,0.002203787,0.077142857,,0.005011633,0.077142857
0.011900071,0.078571429,,0.004869848,0.078571429,,0.002077278,0.078571429,,0.004723941,0.078571429
0.01116677,0.08,,0.00456976,0.08,,0.001949273,0.08,,0.004432844,0.08
0.010424891,0.081428572,,0.004266162,0.081428572,,0.001819771,0.081428572,,0.004138342,0.081428572
0.009674436,0.082857143,,0.003959055,0.082857143,,0.001688771,0.082857143,,0.003840436,0.082857143
0.008915405,0.084285714,,0.003648437,0.084285714,,0.001556275,0.084285714,,0.003539125,0.084285714
0.008147797,0.085714286,,0.00333431,0.085714286,,0.001422281,0.085714286,,0.00323441,0.085714286
0.008147797,0.085714286,,0.00333431,0.085714286,,0.001422281,0.085714286,,0.00323441,0.085714286
0.007371612,0.087142857,,0.003016673,0.087142857,,0.00128679,0.087142857,,0.00292629,0.087142857
0.00658685,0.088571429,,0.002695527,0.088571429,,0.001149802,0.088571429,,0.002614765,0.088571429
0.005793512,0.09,,0.00237087,0.09,,0.001011316,0.09,,0.002299836,0.09
0.004991598,0.091428572,,0.002042704,0.091428572,,0.000871334,0.091428572,,0.001981502,0.091428572
0.004181106,0.092857143,,0.001711028,0.092857143,,0.000729855,0.092857143,,0.001659763,0.092857143
0.003362038,0.094285714,,0.001375842,0.094285714,,0.000586878,0.094285714,,0.00133462,0.094285714
0.002534394,0.095714286,,0.001037146,0.095714286,,0.000442404,0.095714286,,0.001006072,0.095714286
0.001698172,0.097142857,,0.00069494,0.097142857,,0.000296433,0.097142857,,0.000674119,0.097142857
0.000853374,0.098571429,,0.000349225,0.098571429,,0.000148965,0.098571429,,0.000338762,0.098571429
0,0.1,,0,0.1,,0,0.1,,0,0.1
